{"cameraMode":{"drawMode":0,"name":"Shaded","section":"Shading Mode"},"sceneLighting":false,"audioPlay":false,"sceneViewState":{"showFog":true,"showMaterialUpdate":false,"showSkybox":false,"showFlares":true,"showImageEffects":true,"showParticleSystems":true},"in2DMode":false,"pivot":{"x":2.0,"y":0.15000000596046449,"z":1.1499998569488526},"rotation":{"x":0.28241589665412905,"y":0.22604762017726899,"z":-0.06866306811571121,"w":0.9297491908073425},"size":3.693934917449951,"orthographic":true}